"woj","suma","w_0_4","w_5_14","w_15_64","w_65","dni","miesiac","rok","tydz","numer"
"Dolnośląskie",0,0,0,0,0,"1-7","styczeń","2022","1","1A"
"Kujawsko-Pomorskie",0,0,0,0,0,"1-7","styczeń","2022","1","1A"
"Lubelskie",0,0,0,0,0,"1-7","styczeń","2022","1","1A"
"Lubuskie",0,0,0,0,0,"1-7","styczeń","2022","1","1A"
"Łódzkie",0,0,0,0,0,"1-7","styczeń","2022","1","1A"
"Małopolskie",0,0,0,0,0,"1-7","styczeń","2022","1","1A"
"Mazowieckie",0,0,0,0,0,"1-7","styczeń","2022","1","1A"
"Opolskie",0,0,0,0,0,"1-7","styczeń","2022","1","1A"
"Podkarpackie",0,0,0,0,0,"1-7","styczeń","2022","1","1A"
"Podlaskie",0,0,0,0,0,"1-7","styczeń","2022","1","1A"
"Pomorskie",0,0,0,0,0,"1-7","styczeń","2022","1","1A"
"Śląskie",0,0,0,0,0,"1-7","styczeń","2022","1","1A"
"Świętokrzyskie",0,0,0,0,0,"1-7","styczeń","2022","1","1A"
"Warmińsko-Mazurskie",0,0,0,0,0,"1-7","styczeń","2022","1","1A"
"Wielkopolskie",0,0,0,0,0,"1-7","styczeń","2022","1","1A"
"Zachodniopomorskie",0,0,0,0,0,"1-7","styczeń","2022","1","1A"
"Dolnośląskie",0,0,0,0,0,"8-15","styczeń","2022","2","1B"
"Kujawsko-Pomorskie",0,0,0,0,0,"8-15","styczeń","2022","2","1B"
"Lubelskie",0,0,0,0,0,"8-15","styczeń","2022","2","1B"
"Lubuskie",0,0,0,0,0,"8-15","styczeń","2022","2","1B"
"Łódzkie",0,0,0,0,0,"8-15","styczeń","2022","2","1B"
"Małopolskie",0,0,0,0,0,"8-15","styczeń","2022","2","1B"
"Mazowieckie",0,0,0,0,0,"8-15","styczeń","2022","2","1B"
"Opolskie",0,0,0,0,0,"8-15","styczeń","2022","2","1B"
"Podkarpackie",0,0,0,0,0,"8-15","styczeń","2022","2","1B"
"Podlaskie",0,0,0,0,0,"8-15","styczeń","2022","2","1B"
"Pomorskie",0,0,0,0,0,"8-15","styczeń","2022","2","1B"
"Śląskie",0,0,0,0,0,"8-15","styczeń","2022","2","1B"
"Świętokrzyskie",0,0,0,0,0,"8-15","styczeń","2022","2","1B"
"Warmińsko-Mazurskie",0,0,0,0,0,"8-15","styczeń","2022","2","1B"
"Wielkopolskie",0,0,0,0,0,"8-15","styczeń","2022","2","1B"
"Zachodniopomorskie",0,0,0,0,0,"8-15","styczeń","2022","2","1B"
"Dolnośląskie",0,0,0,0,0,"16-22","styczeń","2022","3","1C"
"Kujawsko-Pomorskie",0,0,0,0,0,"16-22","styczeń","2022","3","1C"
"Lubelskie",0,0,0,0,0,"16-22","styczeń","2022","3","1C"
"Lubuskie",0,0,0,0,0,"16-22","styczeń","2022","3","1C"
"Łódzkie",0,0,0,0,0,"16-22","styczeń","2022","3","1C"
"Małopolskie",0,0,0,0,0,"16-22","styczeń","2022","3","1C"
"Mazowieckie",0,0,0,0,0,"16-22","styczeń","2022","3","1C"
"Opolskie",0,0,0,0,0,"16-22","styczeń","2022","3","1C"
"Podkarpackie",0,0,0,0,0,"16-22","styczeń","2022","3","1C"
"Podlaskie",0,0,0,0,0,"16-22","styczeń","2022","3","1C"
"Pomorskie",0,0,0,0,0,"16-22","styczeń","2022","3","1C"
"Śląskie",0,0,0,0,0,"16-22","styczeń","2022","3","1C"
"Świętokrzyskie",0,0,0,0,0,"16-22","styczeń","2022","3","1C"
"Warmińsko-Mazurskie",0,0,0,0,0,"16-22","styczeń","2022","3","1C"
"Wielkopolskie",0,0,0,0,0,"16-22","styczeń","2022","3","1C"
"Zachodniopomorskie",0,0,0,0,0,"16-22","styczeń","2022","3","1C"
"Dolnośląskie",0,0,0,0,0,"23-31","styczeń","2022","4","1D"
"Kujawsko-Pomorskie",0,0,0,0,0,"23-31","styczeń","2022","4","1D"
"Lubelskie",0,0,0,0,0,"23-31","styczeń","2022","4","1D"
"Lubuskie",0,0,0,0,0,"23-31","styczeń","2022","4","1D"
"Łódzkie",0,0,0,0,0,"23-31","styczeń","2022","4","1D"
"Małopolskie",0,0,0,0,0,"23-31","styczeń","2022","4","1D"
"Mazowieckie",0,0,0,0,0,"23-31","styczeń","2022","4","1D"
"Opolskie",0,0,0,0,0,"23-31","styczeń","2022","4","1D"
"Podkarpackie",0,0,0,0,0,"23-31","styczeń","2022","4","1D"
"Podlaskie",0,0,0,0,0,"23-31","styczeń","2022","4","1D"
"Pomorskie",0,0,0,0,0,"23-31","styczeń","2022","4","1D"
"Śląskie",0,0,0,0,0,"23-31","styczeń","2022","4","1D"
"Świętokrzyskie",0,0,0,0,0,"23-31","styczeń","2022","4","1D"
"Warmińsko-Mazurskie",0,0,0,0,0,"23-31","styczeń","2022","4","1D"
"Wielkopolskie",0,0,0,0,0,"23-31","styczeń","2022","4","1D"
"Zachodniopomorskie",0,0,0,0,0,"23-31","styczeń","2022","4","1D"
"Dolnośląskie",0,0,0,0,0,"1-7","luty","2022","5","2A"
"Kujawsko-Pomorskie",0,0,0,0,0,"1-7","luty","2022","5","2A"
"Lubelskie",0,0,0,0,0,"1-7","luty","2022","5","2A"
"Lubuskie",0,0,0,0,0,"1-7","luty","2022","5","2A"
"Łódzkie",0,0,0,0,0,"1-7","luty","2022","5","2A"
"Małopolskie",0,0,0,0,0,"1-7","luty","2022","5","2A"
"Mazowieckie",1,0,0,1,0,"1-7","luty","2022","5","2A"
"Opolskie",0,0,0,0,0,"1-7","luty","2022","5","2A"
"Podkarpackie",0,0,0,0,0,"1-7","luty","2022","5","2A"
"Podlaskie",0,0,0,0,0,"1-7","luty","2022","5","2A"
"Pomorskie",0,0,0,0,0,"1-7","luty","2022","5","2A"
"Śląskie",0,0,0,0,0,"1-7","luty","2022","5","2A"
"Świętokrzyskie",0,0,0,0,0,"1-7","luty","2022","5","2A"
"Warmińsko-Mazurskie",0,0,0,0,0,"1-7","luty","2022","5","2A"
"Wielkopolskie",0,0,0,0,0,"1-7","luty","2022","5","2A"
"Zachodniopomorskie",0,0,0,0,0,"1-7","luty","2022","5","2A"
"Dolnośląskie",0,0,0,0,0,"8-15","luty","2022","6","2B"
"Kujawsko-Pomorskie",0,0,0,0,0,"8-15","luty","2022","6","2B"
"Lubelskie",0,0,0,0,0,"8-15","luty","2022","6","2B"
"Lubuskie",0,0,0,0,0,"8-15","luty","2022","6","2B"
"Łódzkie",0,0,0,0,0,"8-15","luty","2022","6","2B"
"Małopolskie",0,0,0,0,0,"8-15","luty","2022","6","2B"
"Mazowieckie",0,0,0,0,0,"8-15","luty","2022","6","2B"
"Opolskie",0,0,0,0,0,"8-15","luty","2022","6","2B"
"Podkarpackie",0,0,0,0,0,"8-15","luty","2022","6","2B"
"Podlaskie",0,0,0,0,0,"8-15","luty","2022","6","2B"
"Pomorskie",0,0,0,0,0,"8-15","luty","2022","6","2B"
"Śląskie",0,0,0,0,0,"8-15","luty","2022","6","2B"
"Świętokrzyskie",0,0,0,0,0,"8-15","luty","2022","6","2B"
"Warmińsko-Mazurskie",0,0,0,0,0,"8-15","luty","2022","6","2B"
"Wielkopolskie",0,0,0,0,0,"8-15","luty","2022","6","2B"
"Zachodniopomorskie",0,0,0,0,0,"8-15","luty","2022","6","2B"
"Dolnośląskie",0,0,0,0,0,"16-22","luty","2022","7","2C"
"Kujawsko-Pomorskie",0,0,0,0,0,"16-22","luty","2022","7","2C"
"Lubelskie",0,0,0,0,0,"16-22","luty","2022","7","2C"
"Lubuskie",0,0,0,0,0,"16-22","luty","2022","7","2C"
"Łódzkie",0,0,0,0,0,"16-22","luty","2022","7","2C"
"Małopolskie",0,0,0,0,0,"16-22","luty","2022","7","2C"
"Mazowieckie",0,0,0,0,0,"16-22","luty","2022","7","2C"
"Opolskie",0,0,0,0,0,"16-22","luty","2022","7","2C"
"Podkarpackie",0,0,0,0,0,"16-22","luty","2022","7","2C"
"Podlaskie",0,0,0,0,0,"16-22","luty","2022","7","2C"
"Pomorskie",0,0,0,0,0,"16-22","luty","2022","7","2C"
"Śląskie",0,0,0,0,0,"16-22","luty","2022","7","2C"
"Świętokrzyskie",0,0,0,0,0,"16-22","luty","2022","7","2C"
"Warmińsko-Mazurskie",0,0,0,0,0,"16-22","luty","2022","7","2C"
"Wielkopolskie",0,0,0,0,0,"16-22","luty","2022","7","2C"
"Zachodniopomorskie",0,0,0,0,0,"16-22","luty","2022","7","2C"
"Dolnośląskie",0,0,0,0,0,"23-28","luty","2022","8","2D"
"Kujawsko-Pomorskie",0,0,0,0,0,"23-28","luty","2022","8","2D"
"Lubelskie",0,0,0,0,0,"23-28","luty","2022","8","2D"
"Lubuskie",0,0,0,0,0,"23-28","luty","2022","8","2D"
"Łódzkie",0,0,0,0,0,"23-28","luty","2022","8","2D"
"Małopolskie",0,0,0,0,0,"23-28","luty","2022","8","2D"
"Mazowieckie",0,0,0,0,0,"23-28","luty","2022","8","2D"
"Opolskie",0,0,0,0,0,"23-28","luty","2022","8","2D"
"Podkarpackie",0,0,0,0,0,"23-28","luty","2022","8","2D"
"Podlaskie",0,0,0,0,0,"23-28","luty","2022","8","2D"
"Pomorskie",0,0,0,0,0,"23-28","luty","2022","8","2D"
"Śląskie",0,0,0,0,0,"23-28","luty","2022","8","2D"
"Świętokrzyskie",0,0,0,0,0,"23-28","luty","2022","8","2D"
"Warmińsko-Mazurskie",0,0,0,0,0,"23-28","luty","2022","8","2D"
"Wielkopolskie",0,0,0,0,0,"23-28","luty","2022","8","2D"
"Zachodniopomorskie",0,0,0,0,0,"23-28","luty","2022","8","2D"
"Dolnośląskie",0,0,0,0,0,"1-7","marzec","2022","9","3A"
"Kujawsko-Pomorskie",0,0,0,0,0,"1-7","marzec","2022","9","3A"
"Lubelskie",0,0,0,0,0,"1-7","marzec","2022","9","3A"
"Lubuskie",0,0,0,0,0,"1-7","marzec","2022","9","3A"
"Łódzkie",0,0,0,0,0,"1-7","marzec","2022","9","3A"
"Małopolskie",0,0,0,0,0,"1-7","marzec","2022","9","3A"
"Mazowieckie",0,0,0,0,0,"1-7","marzec","2022","9","3A"
"Opolskie",0,0,0,0,0,"1-7","marzec","2022","9","3A"
"Podkarpackie",0,0,0,0,0,"1-7","marzec","2022","9","3A"
"Podlaskie",0,0,0,0,0,"1-7","marzec","2022","9","3A"
"Pomorskie",0,0,0,0,0,"1-7","marzec","2022","9","3A"
"Śląskie",0,0,0,0,0,"1-7","marzec","2022","9","3A"
"Świętokrzyskie",0,0,0,0,0,"1-7","marzec","2022","9","3A"
"Warmińsko-Mazurskie",0,0,0,0,0,"1-7","marzec","2022","9","3A"
"Wielkopolskie",0,0,0,0,0,"1-7","marzec","2022","9","3A"
"Zachodniopomorskie",0,0,0,0,0,"1-7","marzec","2022","9","3A"
"Dolnośląskie",0,0,0,0,0,"8-15","marzec","2022","10","3B"
"Kujawsko-Pomorskie",0,0,0,0,0,"8-15","marzec","2022","10","3B"
"Lubelskie",0,0,0,0,0,"8-15","marzec","2022","10","3B"
"Lubuskie",0,0,0,0,0,"8-15","marzec","2022","10","3B"
"Łódzkie",0,0,0,0,0,"8-15","marzec","2022","10","3B"
"Małopolskie",0,0,0,0,0,"8-15","marzec","2022","10","3B"
"Mazowieckie",0,0,0,0,0,"8-15","marzec","2022","10","3B"
"Opolskie",0,0,0,0,0,"8-15","marzec","2022","10","3B"
"Podkarpackie",0,0,0,0,0,"8-15","marzec","2022","10","3B"
"Podlaskie",0,0,0,0,0,"8-15","marzec","2022","10","3B"
"Pomorskie",0,0,0,0,0,"8-15","marzec","2022","10","3B"
"Śląskie",0,0,0,0,0,"8-15","marzec","2022","10","3B"
"Świętokrzyskie",0,0,0,0,0,"8-15","marzec","2022","10","3B"
"Warmińsko-Mazurskie",0,0,0,0,0,"8-15","marzec","2022","10","3B"
"Wielkopolskie",0,0,0,0,0,"8-15","marzec","2022","10","3B"
"Zachodniopomorskie",0,0,0,0,0,"8-15","marzec","2022","10","3B"
"Dolnośląskie",0,0,0,0,0,"16-22","marzec","2022","11","3C"
"Kujawsko-Pomorskie",0,0,0,0,0,"16-22","marzec","2022","11","3C"
"Lubelskie",0,0,0,0,0,"16-22","marzec","2022","11","3C"
"Lubuskie",0,0,0,0,0,"16-22","marzec","2022","11","3C"
"Łódzkie",0,0,0,0,0,"16-22","marzec","2022","11","3C"
"Małopolskie",0,0,0,0,0,"16-22","marzec","2022","11","3C"
"Mazowieckie",0,0,0,0,0,"16-22","marzec","2022","11","3C"
"Opolskie",0,0,0,0,0,"16-22","marzec","2022","11","3C"
"Podkarpackie",0,0,0,0,0,"16-22","marzec","2022","11","3C"
"Podlaskie",0,0,0,0,0,"16-22","marzec","2022","11","3C"
"Pomorskie",0,0,0,0,0,"16-22","marzec","2022","11","3C"
"Śląskie",0,0,0,0,0,"16-22","marzec","2022","11","3C"
"Świętokrzyskie",0,0,0,0,0,"16-22","marzec","2022","11","3C"
"Warmińsko-Mazurskie",0,0,0,0,0,"16-22","marzec","2022","11","3C"
"Wielkopolskie",0,0,0,0,0,"16-22","marzec","2022","11","3C"
"Zachodniopomorskie",0,0,0,0,0,"16-22","marzec","2022","11","3C"
"Dolnośląskie",0,0,0,0,0,"23-31","marzec","2022","12","3D"
"Kujawsko-Pomorskie",0,0,0,0,0,"23-31","marzec","2022","12","3D"
"Lubelskie",0,0,0,0,0,"23-31","marzec","2022","12","3D"
"Lubuskie",0,0,0,0,0,"23-31","marzec","2022","12","3D"
"Łódzkie",0,0,0,0,0,"23-31","marzec","2022","12","3D"
"Małopolskie",0,0,0,0,0,"23-31","marzec","2022","12","3D"
"Mazowieckie",0,0,0,0,0,"23-31","marzec","2022","12","3D"
"Opolskie",0,0,0,0,0,"23-31","marzec","2022","12","3D"
"Podkarpackie",0,0,0,0,0,"23-31","marzec","2022","12","3D"
"Podlaskie",0,0,0,0,0,"23-31","marzec","2022","12","3D"
"Pomorskie",0,0,0,0,0,"23-31","marzec","2022","12","3D"
"Śląskie",0,0,0,0,0,"23-31","marzec","2022","12","3D"
"Świętokrzyskie",0,0,0,0,0,"23-31","marzec","2022","12","3D"
"Warmińsko-Mazurskie",0,0,0,0,0,"23-31","marzec","2022","12","3D"
"Wielkopolskie",0,0,0,0,0,"23-31","marzec","2022","12","3D"
"Zachodniopomorskie",0,0,0,0,0,"23-31","marzec","2022","12","3D"
"Dolnośląskie",0,0,0,0,0,"1-7","kwiecień","2022","13","4A"
"Kujawsko-Pomorskie",0,0,0,0,0,"1-7","kwiecień","2022","13","4A"
"Lubelskie",0,0,0,0,0,"1-7","kwiecień","2022","13","4A"
"Lubuskie",0,0,0,0,0,"1-7","kwiecień","2022","13","4A"
"Łódzkie",0,0,0,0,0,"1-7","kwiecień","2022","13","4A"
"Małopolskie",0,0,0,0,0,"1-7","kwiecień","2022","13","4A"
"Mazowieckie",0,0,0,0,0,"1-7","kwiecień","2022","13","4A"
"Opolskie",0,0,0,0,0,"1-7","kwiecień","2022","13","4A"
"Podkarpackie",0,0,0,0,0,"1-7","kwiecień","2022","13","4A"
"Podlaskie",0,0,0,0,0,"1-7","kwiecień","2022","13","4A"
"Pomorskie",0,0,0,0,0,"1-7","kwiecień","2022","13","4A"
"Śląskie",0,0,0,0,0,"1-7","kwiecień","2022","13","4A"
"Świętokrzyskie",0,0,0,0,0,"1-7","kwiecień","2022","13","4A"
"Warmińsko-Mazurskie",0,0,0,0,0,"1-7","kwiecień","2022","13","4A"
"Wielkopolskie",0,0,0,0,0,"1-7","kwiecień","2022","13","4A"
"Zachodniopomorskie",0,0,0,0,0,"1-7","kwiecień","2022","13","4A"
"Dolnośląskie",0,0,0,0,0,"8-15","kwiecień","2022","14","4B"
"Kujawsko-Pomorskie",0,0,0,0,0,"8-15","kwiecień","2022","14","4B"
"Lubelskie",0,0,0,0,0,"8-15","kwiecień","2022","14","4B"
"Lubuskie",0,0,0,0,0,"8-15","kwiecień","2022","14","4B"
"Łódzkie",0,0,0,0,0,"8-15","kwiecień","2022","14","4B"
"Małopolskie",0,0,0,0,0,"8-15","kwiecień","2022","14","4B"
"Mazowieckie",0,0,0,0,0,"8-15","kwiecień","2022","14","4B"
"Opolskie",0,0,0,0,0,"8-15","kwiecień","2022","14","4B"
"Podkarpackie",0,0,0,0,0,"8-15","kwiecień","2022","14","4B"
"Podlaskie",0,0,0,0,0,"8-15","kwiecień","2022","14","4B"
"Pomorskie",0,0,0,0,0,"8-15","kwiecień","2022","14","4B"
"Śląskie",0,0,0,0,0,"8-15","kwiecień","2022","14","4B"
"Świętokrzyskie",0,0,0,0,0,"8-15","kwiecień","2022","14","4B"
"Warmińsko-Mazurskie",0,0,0,0,0,"8-15","kwiecień","2022","14","4B"
"Wielkopolskie",0,0,0,0,0,"8-15","kwiecień","2022","14","4B"
"Zachodniopomorskie",0,0,0,0,0,"8-15","kwiecień","2022","14","4B"
"Dolnośląskie",0,0,0,0,0,"16-22","kwiecień","2022","15","4C"
"Kujawsko-Pomorskie",0,0,0,0,0,"16-22","kwiecień","2022","15","4C"
"Lubelskie",0,0,0,0,0,"16-22","kwiecień","2022","15","4C"
"Lubuskie",0,0,0,0,0,"16-22","kwiecień","2022","15","4C"
"Łódzkie",0,0,0,0,0,"16-22","kwiecień","2022","15","4C"
"Małopolskie",0,0,0,0,0,"16-22","kwiecień","2022","15","4C"
"Mazowieckie",0,0,0,0,0,"16-22","kwiecień","2022","15","4C"
"Opolskie",0,0,0,0,0,"16-22","kwiecień","2022","15","4C"
"Podkarpackie",0,0,0,0,0,"16-22","kwiecień","2022","15","4C"
"Podlaskie",0,0,0,0,0,"16-22","kwiecień","2022","15","4C"
"Pomorskie",0,0,0,0,0,"16-22","kwiecień","2022","15","4C"
"Śląskie",0,0,0,0,0,"16-22","kwiecień","2022","15","4C"
"Świętokrzyskie",0,0,0,0,0,"16-22","kwiecień","2022","15","4C"
"Warmińsko-Mazurskie",0,0,0,0,0,"16-22","kwiecień","2022","15","4C"
"Wielkopolskie",0,0,0,0,0,"16-22","kwiecień","2022","15","4C"
"Zachodniopomorskie",0,0,0,0,0,"16-22","kwiecień","2022","15","4C"
"Dolnośląskie",0,0,0,0,0,"23-30","kwiecień","2022","16","4D"
"Kujawsko-Pomorskie",0,0,0,0,0,"23-30","kwiecień","2022","16","4D"
"Lubelskie",0,0,0,0,0,"23-30","kwiecień","2022","16","4D"
"Lubuskie",0,0,0,0,0,"23-30","kwiecień","2022","16","4D"
"Łódzkie",0,0,0,0,0,"23-30","kwiecień","2022","16","4D"
"Małopolskie",0,0,0,0,0,"23-30","kwiecień","2022","16","4D"
"Mazowieckie",0,0,0,0,0,"23-30","kwiecień","2022","16","4D"
"Opolskie",0,0,0,0,0,"23-30","kwiecień","2022","16","4D"
"Podkarpackie",0,0,0,0,0,"23-30","kwiecień","2022","16","4D"
"Podlaskie",0,0,0,0,0,"23-30","kwiecień","2022","16","4D"
"Pomorskie",0,0,0,0,0,"23-30","kwiecień","2022","16","4D"
"Śląskie",0,0,0,0,0,"23-30","kwiecień","2022","16","4D"
"Świętokrzyskie",0,0,0,0,0,"23-30","kwiecień","2022","16","4D"
"Warmińsko-Mazurskie",0,0,0,0,0,"23-30","kwiecień","2022","16","4D"
"Wielkopolskie",2,0,0,0,2,"23-30","kwiecień","2022","16","4D"
"Zachodniopomorskie",0,0,0,0,0,"23-30","kwiecień","2022","16","4D"
"Dolnośląskie",0,0,0,0,0,"1-7","maj","2022","17","5A"
"Kujawsko-Pomorskie",0,0,0,0,0,"1-7","maj","2022","17","5A"
"Lubelskie",0,0,0,0,0,"1-7","maj","2022","17","5A"
"Lubuskie",0,0,0,0,0,"1-7","maj","2022","17","5A"
"Łódzkie",0,0,0,0,0,"1-7","maj","2022","17","5A"
"Małopolskie",0,0,0,0,0,"1-7","maj","2022","17","5A"
"Mazowieckie",0,0,0,0,0,"1-7","maj","2022","17","5A"
"Opolskie",0,0,0,0,0,"1-7","maj","2022","17","5A"
"Podkarpackie",0,0,0,0,0,"1-7","maj","2022","17","5A"
"Podlaskie",0,0,0,0,0,"1-7","maj","2022","17","5A"
"Pomorskie",0,0,0,0,0,"1-7","maj","2022","17","5A"
"Śląskie",0,0,0,0,0,"1-7","maj","2022","17","5A"
"Świętokrzyskie",0,0,0,0,0,"1-7","maj","2022","17","5A"
"Warmińsko-Mazurskie",0,0,0,0,0,"1-7","maj","2022","17","5A"
"Wielkopolskie",0,0,0,0,0,"1-7","maj","2022","17","5A"
"Zachodniopomorskie",0,0,0,0,0,"1-7","maj","2022","17","5A"
"Dolnośląskie",0,0,0,0,0,"8-15","maj","2022","18","5B"
"Kujawsko-Pomorskie",0,0,0,0,0,"8-15","maj","2022","18","5B"
"Lubelskie",0,0,0,0,0,"8-15","maj","2022","18","5B"
"Lubuskie",0,0,0,0,0,"8-15","maj","2022","18","5B"
"Łódzkie",0,0,0,0,0,"8-15","maj","2022","18","5B"
"Małopolskie",0,0,0,0,0,"8-15","maj","2022","18","5B"
"Mazowieckie",0,0,0,0,0,"8-15","maj","2022","18","5B"
"Opolskie",0,0,0,0,0,"8-15","maj","2022","18","5B"
"Podkarpackie",0,0,0,0,0,"8-15","maj","2022","18","5B"
"Podlaskie",0,0,0,0,0,"8-15","maj","2022","18","5B"
"Pomorskie",0,0,0,0,0,"8-15","maj","2022","18","5B"
"Śląskie",0,0,0,0,0,"8-15","maj","2022","18","5B"
"Świętokrzyskie",0,0,0,0,0,"8-15","maj","2022","18","5B"
"Warmińsko-Mazurskie",0,0,0,0,0,"8-15","maj","2022","18","5B"
"Wielkopolskie",1,0,0,0,1,"8-15","maj","2022","18","5B"
"Zachodniopomorskie",0,0,0,0,0,"8-15","maj","2022","18","5B"
"Dolnośląskie",0,0,0,0,0,"16-22","maj","2022","19","5C"
"Kujawsko-Pomorskie",0,0,0,0,0,"16-22","maj","2022","19","5C"
"Lubelskie",0,0,0,0,0,"16-22","maj","2022","19","5C"
"Lubuskie",0,0,0,0,0,"16-22","maj","2022","19","5C"
"Łódzkie",0,0,0,0,0,"16-22","maj","2022","19","5C"
"Małopolskie",0,0,0,0,0,"16-22","maj","2022","19","5C"
"Mazowieckie",0,0,0,0,0,"16-22","maj","2022","19","5C"
"Opolskie",0,0,0,0,0,"16-22","maj","2022","19","5C"
"Podkarpackie",0,0,0,0,0,"16-22","maj","2022","19","5C"
"Podlaskie",0,0,0,0,0,"16-22","maj","2022","19","5C"
"Pomorskie",0,0,0,0,0,"16-22","maj","2022","19","5C"
"Śląskie",0,0,0,0,0,"16-22","maj","2022","19","5C"
"Świętokrzyskie",0,0,0,0,0,"16-22","maj","2022","19","5C"
"Warmińsko-Mazurskie",0,0,0,0,0,"16-22","maj","2022","19","5C"
"Wielkopolskie",0,0,0,0,0,"16-22","maj","2022","19","5C"
"Zachodniopomorskie",0,0,0,0,0,"16-22","maj","2022","19","5C"
"Dolnośląskie",0,0,0,0,0,"23-31","maj","2022","20","5D"
"Kujawsko-Pomorskie",0,0,0,0,0,"23-31","maj","2022","20","5D"
"Lubelskie",0,0,0,0,0,"23-31","maj","2022","20","5D"
"Lubuskie",0,0,0,0,0,"23-31","maj","2022","20","5D"
"Łódzkie",0,0,0,0,0,"23-31","maj","2022","20","5D"
"Małopolskie",0,0,0,0,0,"23-31","maj","2022","20","5D"
"Mazowieckie",0,0,0,0,0,"23-31","maj","2022","20","5D"
"Opolskie",0,0,0,0,0,"23-31","maj","2022","20","5D"
"Podkarpackie",0,0,0,0,0,"23-31","maj","2022","20","5D"
"Podlaskie",0,0,0,0,0,"23-31","maj","2022","20","5D"
"Pomorskie",0,0,0,0,0,"23-31","maj","2022","20","5D"
"Śląskie",0,0,0,0,0,"23-31","maj","2022","20","5D"
"Świętokrzyskie",0,0,0,0,0,"23-31","maj","2022","20","5D"
"Warmińsko-Mazurskie",0,0,0,0,0,"23-31","maj","2022","20","5D"
"Wielkopolskie",0,0,0,0,0,"23-31","maj","2022","20","5D"
"Zachodniopomorskie",0,0,0,0,0,"23-31","maj","2022","20","5D"
"Dolnośląskie",0,0,0,0,0,"1-7","czerwiec","2022","21","6A"
"Kujawsko-Pomorskie",0,0,0,0,0,"1-7","czerwiec","2022","21","6A"
"Lubelskie",0,0,0,0,0,"1-7","czerwiec","2022","21","6A"
"Lubuskie",0,0,0,0,0,"1-7","czerwiec","2022","21","6A"
"Łódzkie",0,0,0,0,0,"1-7","czerwiec","2022","21","6A"
"Małopolskie",0,0,0,0,0,"1-7","czerwiec","2022","21","6A"
"Mazowieckie",0,0,0,0,0,"1-7","czerwiec","2022","21","6A"
"Opolskie",0,0,0,0,0,"1-7","czerwiec","2022","21","6A"
"Podkarpackie",0,0,0,0,0,"1-7","czerwiec","2022","21","6A"
"Podlaskie",0,0,0,0,0,"1-7","czerwiec","2022","21","6A"
"Pomorskie",0,0,0,0,0,"1-7","czerwiec","2022","21","6A"
"Śląskie",0,0,0,0,0,"1-7","czerwiec","2022","21","6A"
"Świętokrzyskie",0,0,0,0,0,"1-7","czerwiec","2022","21","6A"
"Warmińsko-Mazurskie",0,0,0,0,0,"1-7","czerwiec","2022","21","6A"
"Wielkopolskie",0,0,0,0,0,"1-7","czerwiec","2022","21","6A"
"Zachodniopomorskie",0,0,0,0,0,"1-7","czerwiec","2022","21","6A"
"Dolnośląskie",0,0,0,0,0,"8-15","czerwiec","2022","22","6B"
"Kujawsko-Pomorskie",0,0,0,0,0,"8-15","czerwiec","2022","22","6B"
"Lubelskie",0,0,0,0,0,"8-15","czerwiec","2022","22","6B"
"Lubuskie",0,0,0,0,0,"8-15","czerwiec","2022","22","6B"
"Łódzkie",0,0,0,0,0,"8-15","czerwiec","2022","22","6B"
"Małopolskie",0,0,0,0,0,"8-15","czerwiec","2022","22","6B"
"Mazowieckie",0,0,0,0,0,"8-15","czerwiec","2022","22","6B"
"Opolskie",0,0,0,0,0,"8-15","czerwiec","2022","22","6B"
"Podkarpackie",0,0,0,0,0,"8-15","czerwiec","2022","22","6B"
"Podlaskie",0,0,0,0,0,"8-15","czerwiec","2022","22","6B"
"Pomorskie",0,0,0,0,0,"8-15","czerwiec","2022","22","6B"
"Śląskie",0,0,0,0,0,"8-15","czerwiec","2022","22","6B"
"Świętokrzyskie",0,0,0,0,0,"8-15","czerwiec","2022","22","6B"
"Warmińsko-Mazurskie",0,0,0,0,0,"8-15","czerwiec","2022","22","6B"
"Wielkopolskie",0,0,0,0,0,"8-15","czerwiec","2022","22","6B"
"Zachodniopomorskie",0,0,0,0,0,"8-15","czerwiec","2022","22","6B"
"Dolnośląskie",0,0,0,0,0,"16-22","czerwiec","2022","23","6C"
"Kujawsko-Pomorskie",0,0,0,0,0,"16-22","czerwiec","2022","23","6C"
"Lubelskie",0,0,0,0,0,"16-22","czerwiec","2022","23","6C"
"Lubuskie",0,0,0,0,0,"16-22","czerwiec","2022","23","6C"
"Łódzkie",0,0,0,0,0,"16-22","czerwiec","2022","23","6C"
"Małopolskie",0,0,0,0,0,"16-22","czerwiec","2022","23","6C"
"Mazowieckie",0,0,0,0,0,"16-22","czerwiec","2022","23","6C"
"Opolskie",0,0,0,0,0,"16-22","czerwiec","2022","23","6C"
"Podkarpackie",0,0,0,0,0,"16-22","czerwiec","2022","23","6C"
"Podlaskie",0,0,0,0,0,"16-22","czerwiec","2022","23","6C"
"Pomorskie",0,0,0,0,0,"16-22","czerwiec","2022","23","6C"
"Śląskie",0,0,0,0,0,"16-22","czerwiec","2022","23","6C"
"Świętokrzyskie",0,0,0,0,0,"16-22","czerwiec","2022","23","6C"
"Warmińsko-Mazurskie",0,0,0,0,0,"16-22","czerwiec","2022","23","6C"
"Wielkopolskie",0,0,0,0,0,"16-22","czerwiec","2022","23","6C"
"Zachodniopomorskie",0,0,0,0,0,"16-22","czerwiec","2022","23","6C"
"Dolnośląskie",0,0,0,0,0,"23-30","czerwiec","2022","24","6D"
"Kujawsko-Pomorskie",0,0,0,0,0,"23-30","czerwiec","2022","24","6D"
"Lubelskie",0,0,0,0,0,"23-30","czerwiec","2022","24","6D"
"Lubuskie",0,0,0,0,0,"23-30","czerwiec","2022","24","6D"
"Łódzkie",0,0,0,0,0,"23-30","czerwiec","2022","24","6D"
"Małopolskie",0,0,0,0,0,"23-30","czerwiec","2022","24","6D"
"Mazowieckie",0,0,0,0,0,"23-30","czerwiec","2022","24","6D"
"Opolskie",0,0,0,0,0,"23-30","czerwiec","2022","24","6D"
"Podkarpackie",0,0,0,0,0,"23-30","czerwiec","2022","24","6D"
"Podlaskie",0,0,0,0,0,"23-30","czerwiec","2022","24","6D"
"Pomorskie",0,0,0,0,0,"23-30","czerwiec","2022","24","6D"
"Śląskie",0,0,0,0,0,"23-30","czerwiec","2022","24","6D"
"Świętokrzyskie",0,0,0,0,0,"23-30","czerwiec","2022","24","6D"
"Warmińsko-Mazurskie",0,0,0,0,0,"23-30","czerwiec","2022","24","6D"
"Wielkopolskie",0,0,0,0,0,"23-30","czerwiec","2022","24","6D"
"Zachodniopomorskie",0,0,0,0,0,"23-30","czerwiec","2022","24","6D"
"Dolnośląskie",0,0,0,0,0,"1-7","lipiec","2022","25","7A"
"Kujawsko-Pomorskie",0,0,0,0,0,"1-7","lipiec","2022","25","7A"
"Lubelskie",0,0,0,0,0,"1-7","lipiec","2022","25","7A"
"Lubuskie",0,0,0,0,0,"1-7","lipiec","2022","25","7A"
"Łódzkie",0,0,0,0,0,"1-7","lipiec","2022","25","7A"
"Małopolskie",0,0,0,0,0,"1-7","lipiec","2022","25","7A"
"Mazowieckie",0,0,0,0,0,"1-7","lipiec","2022","25","7A"
"Opolskie",0,0,0,0,0,"1-7","lipiec","2022","25","7A"
"Podkarpackie",0,0,0,0,0,"1-7","lipiec","2022","25","7A"
"Podlaskie",0,0,0,0,0,"1-7","lipiec","2022","25","7A"
"Pomorskie",0,0,0,0,0,"1-7","lipiec","2022","25","7A"
"Śląskie",0,0,0,0,0,"1-7","lipiec","2022","25","7A"
"Świętokrzyskie",0,0,0,0,0,"1-7","lipiec","2022","25","7A"
"Warmińsko-Mazurskie",0,0,0,0,0,"1-7","lipiec","2022","25","7A"
"Wielkopolskie",0,0,0,0,0,"1-7","lipiec","2022","25","7A"
"Zachodniopomorskie",0,0,0,0,0,"1-7","lipiec","2022","25","7A"
"Dolnośląskie",0,0,0,0,0,"8-15","lipiec","2022","26","7B"
"Kujawsko-Pomorskie",0,0,0,0,0,"8-15","lipiec","2022","26","7B"
"Lubelskie",0,0,0,0,0,"8-15","lipiec","2022","26","7B"
"Lubuskie",0,0,0,0,0,"8-15","lipiec","2022","26","7B"
"Łódzkie",0,0,0,0,0,"8-15","lipiec","2022","26","7B"
"Małopolskie",0,0,0,0,0,"8-15","lipiec","2022","26","7B"
"Mazowieckie",0,0,0,0,0,"8-15","lipiec","2022","26","7B"
"Opolskie",0,0,0,0,0,"8-15","lipiec","2022","26","7B"
"Podkarpackie",0,0,0,0,0,"8-15","lipiec","2022","26","7B"
"Podlaskie",0,0,0,0,0,"8-15","lipiec","2022","26","7B"
"Pomorskie",0,0,0,0,0,"8-15","lipiec","2022","26","7B"
"Śląskie",0,0,0,0,0,"8-15","lipiec","2022","26","7B"
"Świętokrzyskie",0,0,0,0,0,"8-15","lipiec","2022","26","7B"
"Warmińsko-Mazurskie",0,0,0,0,0,"8-15","lipiec","2022","26","7B"
"Wielkopolskie",0,0,0,0,0,"8-15","lipiec","2022","26","7B"
"Zachodniopomorskie",0,0,0,0,0,"8-15","lipiec","2022","26","7B"
"Dolnośląskie",0,0,0,0,0,"16-22","lipiec","2022","27","7C"
"Kujawsko-Pomorskie",0,0,0,0,0,"16-22","lipiec","2022","27","7C"
"Lubelskie",0,0,0,0,0,"16-22","lipiec","2022","27","7C"
"Lubuskie",0,0,0,0,0,"16-22","lipiec","2022","27","7C"
"Łódzkie",0,0,0,0,0,"16-22","lipiec","2022","27","7C"
"Małopolskie",0,0,0,0,0,"16-22","lipiec","2022","27","7C"
"Mazowieckie",0,0,0,0,0,"16-22","lipiec","2022","27","7C"
"Opolskie",0,0,0,0,0,"16-22","lipiec","2022","27","7C"
"Podkarpackie",0,0,0,0,0,"16-22","lipiec","2022","27","7C"
"Podlaskie",0,0,0,0,0,"16-22","lipiec","2022","27","7C"
"Pomorskie",0,0,0,0,0,"16-22","lipiec","2022","27","7C"
"Śląskie",0,0,0,0,0,"16-22","lipiec","2022","27","7C"
"Świętokrzyskie",0,0,0,0,0,"16-22","lipiec","2022","27","7C"
"Warmińsko-Mazurskie",0,0,0,0,0,"16-22","lipiec","2022","27","7C"
"Wielkopolskie",0,0,0,0,0,"16-22","lipiec","2022","27","7C"
"Zachodniopomorskie",0,0,0,0,0,"16-22","lipiec","2022","27","7C"
"Dolnośląskie",0,0,0,0,0,"23-31","lipiec","2022","28","7D"
"Kujawsko-Pomorskie",0,0,0,0,0,"23-31","lipiec","2022","28","7D"
"Lubelskie",0,0,0,0,0,"23-31","lipiec","2022","28","7D"
"Lubuskie",0,0,0,0,0,"23-31","lipiec","2022","28","7D"
"Łódzkie",0,0,0,0,0,"23-31","lipiec","2022","28","7D"
"Małopolskie",0,0,0,0,0,"23-31","lipiec","2022","28","7D"
"Mazowieckie",0,0,0,0,0,"23-31","lipiec","2022","28","7D"
"Opolskie",0,0,0,0,0,"23-31","lipiec","2022","28","7D"
"Podkarpackie",0,0,0,0,0,"23-31","lipiec","2022","28","7D"
"Podlaskie",0,0,0,0,0,"23-31","lipiec","2022","28","7D"
"Pomorskie",0,0,0,0,0,"23-31","lipiec","2022","28","7D"
"Śląskie",0,0,0,0,0,"23-31","lipiec","2022","28","7D"
"Świętokrzyskie",0,0,0,0,0,"23-31","lipiec","2022","28","7D"
"Warmińsko-Mazurskie",0,0,0,0,0,"23-31","lipiec","2022","28","7D"
"Wielkopolskie",0,0,0,0,0,"23-31","lipiec","2022","28","7D"
"Zachodniopomorskie",0,0,0,0,0,"23-31","lipiec","2022","28","7D"
"Dolnośląskie",0,0,0,0,0,"1-7","sierpień","2022","29","8A"
"Kujawsko-Pomorskie",0,0,0,0,0,"1-7","sierpień","2022","29","8A"
"Lubelskie",0,0,0,0,0,"1-7","sierpień","2022","29","8A"
"Lubuskie",0,0,0,0,0,"1-7","sierpień","2022","29","8A"
"Łódzkie",0,0,0,0,0,"1-7","sierpień","2022","29","8A"
"Małopolskie",0,0,0,0,0,"1-7","sierpień","2022","29","8A"
"Mazowieckie",0,0,0,0,0,"1-7","sierpień","2022","29","8A"
"Opolskie",0,0,0,0,0,"1-7","sierpień","2022","29","8A"
"Podkarpackie",0,0,0,0,0,"1-7","sierpień","2022","29","8A"
"Podlaskie",0,0,0,0,0,"1-7","sierpień","2022","29","8A"
"Pomorskie",0,0,0,0,0,"1-7","sierpień","2022","29","8A"
"Śląskie",0,0,0,0,0,"1-7","sierpień","2022","29","8A"
"Świętokrzyskie",0,0,0,0,0,"1-7","sierpień","2022","29","8A"
"Warmińsko-Mazurskie",0,0,0,0,0,"1-7","sierpień","2022","29","8A"
"Wielkopolskie",0,0,0,0,0,"1-7","sierpień","2022","29","8A"
"Zachodniopomorskie",0,0,0,0,0,"1-7","sierpień","2022","29","8A"
"Dolnośląskie",0,0,0,0,0,"8-15","sierpień","2022","30","8B"
"Kujawsko-Pomorskie",0,0,0,0,0,"8-15","sierpień","2022","30","8B"
"Lubelskie",0,0,0,0,0,"8-15","sierpień","2022","30","8B"
"Lubuskie",0,0,0,0,0,"8-15","sierpień","2022","30","8B"
"Łódzkie",0,0,0,0,0,"8-15","sierpień","2022","30","8B"
"Małopolskie",0,0,0,0,0,"8-15","sierpień","2022","30","8B"
"Mazowieckie",0,0,0,0,0,"8-15","sierpień","2022","30","8B"
"Opolskie",0,0,0,0,0,"8-15","sierpień","2022","30","8B"
"Podkarpackie",0,0,0,0,0,"8-15","sierpień","2022","30","8B"
"Podlaskie",0,0,0,0,0,"8-15","sierpień","2022","30","8B"
"Pomorskie",0,0,0,0,0,"8-15","sierpień","2022","30","8B"
"Śląskie",0,0,0,0,0,"8-15","sierpień","2022","30","8B"
"Świętokrzyskie",0,0,0,0,0,"8-15","sierpień","2022","30","8B"
"Warmińsko-Mazurskie",0,0,0,0,0,"8-15","sierpień","2022","30","8B"
"Wielkopolskie",0,0,0,0,0,"8-15","sierpień","2022","30","8B"
"Zachodniopomorskie",0,0,0,0,0,"8-15","sierpień","2022","30","8B"
"Dolnośląskie",0,0,0,0,0,"16-22","sierpień","2022","31","8C"
"Kujawsko-Pomorskie",0,0,0,0,0,"16-22","sierpień","2022","31","8C"
"Lubelskie",0,0,0,0,0,"16-22","sierpień","2022","31","8C"
"Lubuskie",0,0,0,0,0,"16-22","sierpień","2022","31","8C"
"Łódzkie",0,0,0,0,0,"16-22","sierpień","2022","31","8C"
"Małopolskie",0,0,0,0,0,"16-22","sierpień","2022","31","8C"
"Mazowieckie",0,0,0,0,0,"16-22","sierpień","2022","31","8C"
"Opolskie",0,0,0,0,0,"16-22","sierpień","2022","31","8C"
"Podkarpackie",0,0,0,0,0,"16-22","sierpień","2022","31","8C"
"Podlaskie",0,0,0,0,0,"16-22","sierpień","2022","31","8C"
"Pomorskie",0,0,0,0,0,"16-22","sierpień","2022","31","8C"
"Śląskie",0,0,0,0,0,"16-22","sierpień","2022","31","8C"
"Świętokrzyskie",0,0,0,0,0,"16-22","sierpień","2022","31","8C"
"Warmińsko-Mazurskie",0,0,0,0,0,"16-22","sierpień","2022","31","8C"
"Wielkopolskie",0,0,0,0,0,"16-22","sierpień","2022","31","8C"
"Zachodniopomorskie",0,0,0,0,0,"16-22","sierpień","2022","31","8C"
"Dolnośląskie",0,0,0,0,0,"23-31","sierpień","2022","32","8D"
"Kujawsko-Pomorskie",0,0,0,0,0,"23-31","sierpień","2022","32","8D"
"Lubelskie",0,0,0,0,0,"23-31","sierpień","2022","32","8D"
"Lubuskie",0,0,0,0,0,"23-31","sierpień","2022","32","8D"
"Łódzkie",0,0,0,0,0,"23-31","sierpień","2022","32","8D"
"Małopolskie",0,0,0,0,0,"23-31","sierpień","2022","32","8D"
"Mazowieckie",0,0,0,0,0,"23-31","sierpień","2022","32","8D"
"Opolskie",0,0,0,0,0,"23-31","sierpień","2022","32","8D"
"Podkarpackie",0,0,0,0,0,"23-31","sierpień","2022","32","8D"
"Podlaskie",0,0,0,0,0,"23-31","sierpień","2022","32","8D"
"Pomorskie",0,0,0,0,0,"23-31","sierpień","2022","32","8D"
"Śląskie",0,0,0,0,0,"23-31","sierpień","2022","32","8D"
"Świętokrzyskie",0,0,0,0,0,"23-31","sierpień","2022","32","8D"
"Warmińsko-Mazurskie",0,0,0,0,0,"23-31","sierpień","2022","32","8D"
"Wielkopolskie",1,0,0,0,1,"23-31","sierpień","2022","32","8D"
"Zachodniopomorskie",0,0,0,0,0,"23-31","sierpień","2022","32","8D"
